question,answer,retrieved_sources
How to work with lists in Python?,"Based on the retrieved information:

[Как установить Python?]: Для установки Python посетите официальный сайт python.org и скачайте последнюю версию для вашей операционной системы. После загрузки запустите установщик и следуйте инструкциям. Рекомендуется добавить Python в PATH при установке на Windows.

[Что такое переменные в Python?]: Переменные в Python используются для хранения данных. В отличие от других языков, Python не требует объявления типа переменной. Тип определяется автоматически на",Как установить Python?; Что такое переменные в Python?
What is exception handling?,"Based on the retrieved information:

[Как установить Python?]: Для установки Python посетите официальный сайт python.org и скачайте последнюю версию для вашей операционной системы. После загрузки запустите установщик и следуйте инструкциям. Рекомендуется добавить Python в PATH при установке на Windows.

[Что такое Python?]: Python — это высокоуровневый язык программирования общего назначения. Он был создан Гвидо ван Россумом и впервые выпущен в 1991 году. Python подчеркивает читаемость кода и по",Как установить Python?; Что такое Python?
How to create functions?,"Based on the retrieved information:

[Как установить Python?]: Для установки Python посетите официальный сайт python.org и скачайте последнюю версию для вашей операционной системы. После загрузки запустите установщик и следуйте инструкциям. Рекомендуется добавить Python в PATH при установке на Windows.

[Что такое Python?]: Python — это высокоуровневый язык программирования общего назначения. Он был создан Гвидо ван Россумом и впервые выпущен в 1991 году. Python подчеркивает читаемость кода и по",Как установить Python?; Что такое Python?
How to use decorators?,"Based on the retrieved information:

[Как установить Python?]: Для установки Python посетите официальный сайт python.org и скачайте последнюю версию для вашей операционной системы. После загрузки запустите установщик и следуйте инструкциям. Рекомендуется добавить Python в PATH при установке на Windows.

[Что такое Python?]: Python — это высокоуровневый язык программирования общего назначения. Он был создан Гвидо ван Россумом и впервые выпущен в 1991 году. Python подчеркивает читаемость кода и по",Как установить Python?; Что такое Python?
What are generators?,"Based on the retrieved information:

[Как установить Python?]: Для установки Python посетите официальный сайт python.org и скачайте последнюю версию для вашей операционной системы. После загрузки запустите установщик и следуйте инструкциям. Рекомендуется добавить Python в PATH при установке на Windows.

[Что такое Python?]: Python — это высокоуровневый язык программирования общего назначения. Он был создан Гвидо ван Россумом и впервые выпущен в 1991 году. Python подчеркивает читаемость кода и по",Как установить Python?; Что такое Python?
